"sector","transect","subunit","observer1","observer2","S1","S2","B","grp.size","subunit.area"
NA,"a1","t1",4,0,1,0,0,4,0.4161
NA,"a1","t10",0,0,0,0,0,0,0.4212
NA,"a1","t11",0,0,0,0,0,0,0.4389
NA,"a1","t12",0,0,0,0,0,0,0.4341
NA,"a1","t13",0,0,0,0,0,0,0.4227
NA,"a1","t14",0,0,0,0,0,0,0.4008
NA,"a1","t15",0,0,0,0,0,0,0.408
NA,"a1","t16",0,0,0,0,0,0,0.4176
NA,"a1","t17",0,0,0,0,0,0,0.4143
NA,"a1","t18",0,0,0,0,0,0,0.414
NA,"a1","t2",0,0,0,0,0,0,0.4221
NA,"a1","t4",0,0,0,0,0,0,0.4341
NA,"a1","t5",0,0,0,0,0,0,0.4434
NA,"a1","t6",0,0,0,0,0,0,0.4389
NA,"a1","t7",0,0,0,0,0,0,0.4392
NA,"a1","t8",0,0,0,0,0,0,0.4389
NA,"a1","t9",0,0,0,0,0,0,0.4272
NA,"a2","t1",0,0,0,0,0,0,0.4527
NA,"a2","t10",0,0,0,0,0,0,0.4428
NA,"a2","t11",0,1,0,1,0,1,0.4425
NA,"a2","t12",0,0,0,0,0,0,0.4386
NA,"a2","t13",0,0,0,0,0,0,0.4413
NA,"a2","t19",0,0,0,0,0,0,0.4629
NA,"a2","t2",0,0,0,0,0,0,0.4803
NA,"a2","t20",0,0,0,0,0,0,0.4659
NA,"a2","t21",0,0,0,0,0,0,0.4563
NA,"a2","t22",0,0,0,1,0,116,0.4695
NA,"a2","t23",0,0,0,0,0,0,0.462
NA,"a2","t3",0,0,0,0,0,0,0.4647
NA,"a2","t4",0,0,0,0,0,0,0.4581
NA,"a2","t5",0,0,0,0,0,0,0.4632
NA,"a2","t6",0,0,0,0,0,0,0.4608
NA,"a2","t7",0,0,0,0,0,0,0.4473
NA,"a2","t8",0,0,0,0,0,0,0.4485
NA,"a2","t9",0,0,0,0,0,0,0.4503
NA,"a3","t1",0,0,0,0,0,0,0.402
NA,"a3","t10",0,0,0,0,0,0,0.4518
NA,"a3","t11",0,0,0,0,0,0,0.4542
NA,"a3","t12",0,0,0,0,0,0,0.4392
NA,"a3","t13",0,0,0,0,0,0,0.4368
NA,"a3","t14",0,0,0,0,0,0,0.4413
NA,"a3","t15",0,0,0,0,0,0,0.4389
NA,"a3","t16",0,0,0,0,0,0,0.4422
NA,"a3","t17",0,0,0,0,0,0,0.441
NA,"a3","t18",0,0,0,0,0,0,0.4347
NA,"a3","t19",0,0,0,0,0,0,0.4335
NA,"a3","t2",0,0,0,0,0,0,0.4236
NA,"a3","t20",0,0,0,0,0,0,0.4422
NA,"a3","t21",0,0,0,0,0,0,0.4401
NA,"a3","t22",0,0,0,0,0,0,0.4233
NA,"a3","t23",0,0,0,0,0,0,0.4212
NA,"a3","t24",0,0,0,0,0,0,0.4092
NA,"a3","t25",0,0,0,0,0,0,0.4305
NA,"a3","t3",0,0,0,0,0,0,0.4434
NA,"a3","t4",0,0,0,0,0,0,0.4407
NA,"a3","t5",0,0,0,0,0,0,0.4332
NA,"a3","t6",0,0,0,0,0,0,0.4353
NA,"a3","t7",0,0,0,0,0,0,0.426
NA,"a3","t8",0,0,0,0,0,0,0.4188
NA,"a3","t9",0,0,0,0,0,0,0.4128
NA,"a4","t1",0,0,0,0,0,0,0.4848
NA,"a4","t10",0,0,0,0,0,0,0.4473
NA,"a4","t11",0,0,0,0,0,0,0.4665
NA,"a4","t12",0,0,0,0,0,0,0.4584
NA,"a4","t13",0,0,0,0,0,0,0.4353
NA,"a4","t14",0,0,0,0,0,0,0.4491
NA,"a4","t15",0,0,0,0,0,0,0.4416
NA,"a4","t16",0,0,0,0,0,0,0.4461
NA,"a4","t17",0,0,0,0,0,0,0.4548
NA,"a4","t18",0,0,0,0,0,0,0.4641
NA,"a4","t19",3,0,0,0,1,3,0.4629
NA,"a4","t2",1,0,1,0,0,1,0.4794
NA,"a4","t20",0,0,0,0,0,0,0.441
NA,"a4","t21",0,0,0,0,0,0,0.4527
NA,"a4","t22",0,0,0,0,0,0,0.4449
NA,"a4","t23",0,0,0,0,0,0,0.4635
NA,"a4","t24",0,0,0,0,0,0,0.4686
NA,"a4","t25",0,0,0,0,0,0,0.4491
NA,"a4","t26",0,0,0,0,0,0,0.468
NA,"a4","t27",20,0,0,0,1,20,0.4512
NA,"a4","t3",0,0,0,0,0,0,0.4623
NA,"a4","t4",0,0,0,0,0,0,0.4572
NA,"a4","t5",0,0,0,0,0,0,0.4647
NA,"a4","t6",0,0,0,0,0,0,0.4626
NA,"a4","t7",0,0,0,0,0,0,0.4566
NA,"a4","t8",0,0,0,0,0,0,0.4548
NA,"a4","t9",0,0,0,0,0,0,0.456
NA,"a5","t1",0,0,0,0,0,0,0.4275
NA,"a5","t10",0,0,0,0,0,0,0.4452
NA,"a5","t11",0,0,0,0,0,0,0.4443
NA,"a5","t12",0,0,0,0,0,0,0.4536
NA,"a5","t13",0,0,0,0,0,0,0.4461
NA,"a5","t14",0,0,0,0,0,0,0.4242
NA,"a5","t15",0,0,0,0,0,0,0.42
NA,"a5","t16",0,0,0,0,0,0,0.4266
NA,"a5","t17",0,0,0,0,0,0,0.4314
NA,"a5","t18",0,0,0,0,0,0,0.4569
NA,"a5","t19",0,0,0,0,0,0,0.4473
NA,"a5","t2",0,0,0,1,0,20,0.4284
NA,"a5","t20",0,0,0,0,0,0,0.4419
NA,"a5","t21",0,0,0,0,0,0,0.4446
NA,"a5","t22",0,0,0,0,0,0,0.4329
NA,"a5","t23",0,0,0,0,0,0,0.4227
NA,"a5","t24",0,0,0,0,0,0,0.4305
NA,"a5","t25",0,0,0,0,0,0,0.4332
NA,"a5","t26",0,0,0,0,0,0,0.438
NA,"a5","t27",0,0,0,0,0,0,0.4386
NA,"a5","t28",0,0,0,0,0,0,0.4416
NA,"a5","t29",0,0,0,0,0,0,0.4302
NA,"a5","t3",1,1,0,0,1,1,0.4458
NA,"a5","t4",0,8,0,1,0,8,0.4467
NA,"a5","t4",0,2,0,1,0,2,0.4467
NA,"a5","t5",0,0,0,0,0,0,0.4692
NA,"a5","t6",0,0,0,0,0,0,0.4314
NA,"a5","t7",0,0,0,0,0,0,0.4227
NA,"a5","t8",0,0,0,0,0,0,0.4359
NA,"a5","t9",0,0,0,0,0,0,0.4275
NA,"a6","t1",0,0,0,0,0,0,0.5079
NA,"a6","t10",0,0,0,0,0,0,0.468
NA,"a6","t11",0,0,0,0,0,0,0.4689
NA,"a6","t12",0,2,0,1,0,2,0.4557
NA,"a6","t13",0,0,0,0,0,0,0.4566
NA,"a6","t14",0,0,0,0,0,0,0.4521
NA,"a6","t15",0,0,0,0,0,0,0.4668
NA,"a6","t16",0,0,0,0,0,0,0.4713
NA,"a6","t17",0,0,0,0,0,0,0.4899
NA,"a6","t18",0,0,0,0,0,0,0.4941
NA,"a6","t19",0,0,0,0,0,0,0.4827
NA,"a6","t2",0,0,0,0,0,0,0.4914
NA,"a6","t20",0,0,0,0,0,0,0.4632
NA,"a6","t21",0,0,0,0,0,0,0.4539
NA,"a6","t22",0,0,0,0,0,0,0.4689
NA,"a6","t23",0,0,0,0,0,0,0.4677
NA,"a6","t24",0,0,0,0,1,138,0.4626
NA,"a6","t25",0,10,0,1,0,10,0.4611
NA,"a6","t26",1,7,0,0,1,7,0.4797
NA,"a6","t27",3,0,1,0,0,3,0.4704
NA,"a6","t27",18,0,0,0,1,18,0.4704
NA,"a6","t27",21,0,0,0,1,21,0.4704
NA,"a6","t28",1,2,0,0,1,2,0.4749
NA,"a6","t29",0,4,0,1,0,4,0.4809
NA,"a6","t3",0,0,0,0,0,0,0.4809
NA,"a6","t4",0,0,0,0,0,0,0.4692
NA,"a6","t5",0,7,0,1,0,7,0.4719
NA,"a6","t6",0,0,0,0,0,0,0.4983
NA,"a6","t7",0,0,0,0,0,0,0.5169
NA,"a6","t8",0,0,0,0,0,0,0.4872
NA,"a6","t9",0,0,0,0,0,0,0.4626
NA,"a7","t1",0,0,0,0,0,0,0.4404
NA,"a7","t10",0,0,0,0,0,0,0.4356
NA,"a7","t11",0,0,0,0,0,0,0.4446
NA,"a7","t12",0,0,0,0,0,0,0.4419
NA,"a7","t13",0,0,0,0,0,0,0.4392
NA,"a7","t14",0,0,0,0,0,0,0.4266
NA,"a7","t15",2,0,1,0,0,2,0.4248
NA,"a7","t16",0,0,0,0,0,0,0.4326
NA,"a7","t17",0,0,0,0,0,0,0.4323
NA,"a7","t18",0,0,0,0,0,0,0.4437
NA,"a7","t19",0,0,0,0,0,0,0.4482
NA,"a7","t2",8,15,0,0,1,15,0.4449
NA,"a7","t2",0,0,0,0,1,107,0.4449
NA,"a7","t20",0,0,0,0,0,0,0.4413
NA,"a7","t21",0,0,0,0,0,0,0.4407
NA,"a7","t22",0,0,0,0,0,0,0.4416
NA,"a7","t23",0,0,0,0,0,0,0.4482
NA,"a7","t24",0,0,0,0,0,0,0.4479
NA,"a7","t25",0,0,0,0,0,0,0.4404
NA,"a7","t26",0,0,0,0,0,0,0.4248
NA,"a7","t27",0,0,0,0,0,0,0.4284
NA,"a7","t28",0,0,0,0,0,0,0.4176
NA,"a7","t29",0,0,0,0,0,0,0.4251
NA,"a7","t3",0,0,0,0,0,0,0.4383
NA,"a7","t30",0,0,0,0,0,0,0.42
NA,"a7","t4",0,0,0,1,0,14.3,0.4311
NA,"a7","t5",2,2,0,0,1,2,0.4242
NA,"a7","t5",1,1,0,0,1,1,0.4218
NA,"a7","t6",0,0,0,0,0,0,0.4218
NA,"a7","t7",0,0,0,0,0,0,0.4395
NA,"a7","t8",0,0,0,0,0,0,0.4302
NA,"a7","t9",0,0,0,0,0,0,0.4356
NA,"a8","t1",0,0,0,0,0,0,0.4821
NA,"a8","t10",0,0,0,0,0,0,0.4911
NA,"a8","t11",0,0,0,0,0,0,0.4881
NA,"a8","t12",0,0,0,0,0,0,0.4686
NA,"a8","t13",0,0,0,0,0,0,0.4662
NA,"a8","t14",0,0,0,0,0,0,0.4731
NA,"a8","t15",0,0,0,0,0,0,0.4776
NA,"a8","t16",0,0,0,0,0,0,0.4749
NA,"a8","t17",0,0,0,0,0,0,0.474
NA,"a8","t18",2,0,1,0,0,2,0.4641
NA,"a8","t19",0,0,0,0,0,0,0.462
NA,"a8","t2",0,0,0,0,0,0,0.489
NA,"a8","t20",0,0,0,0,0,0,0.4797
NA,"a8","t21",0,0,0,0,0,0,0.4587
NA,"a8","t22",4,4,0,0,1,4,0.4776
NA,"a8","t23",0,0,0,0,1,119,0.4743
NA,"a8","t24",0,0,0,0,0,0,0.4827
NA,"a8","t25",0,0,0,0,0,0,0.4806
NA,"a8","t26",0,0,0,0,0,0,0.486
NA,"a8","t27",0,0,0,0,1,46,0.4854
NA,"a8","t3",0,0,0,0,0,0,0.4695
NA,"a8","t4",0,0,0,0,0,0,0.4887
NA,"a8","t5",0,0,0,0,0,0,0.4743
NA,"a8","t6",0,0,0,0,0,0,0.4788
NA,"a8","t7",0,0,0,0,0,0,0.483
NA,"a8","t8",0,0,0,0,0,0,0.4794
NA,"a8","t9",0,0,0,0,0,0,0.4827
NA,"b1","t1",0,0,0,0,0,0,0.4239
NA,"b1","t10",0,0,0,0,0,0,0.4413
NA,"b1","t11",0,0,0,0,0,0,0.4347
NA,"b1","t12",0,0,0,0,0,0,0.4395
NA,"b1","t13",0,0,0,0,0,0,0.4527
NA,"b1","t14",0,0,0,0,0,0,0.4401
NA,"b1","t15",0,0,0,0,0,0,0.4407
NA,"b1","t16",0,0,0,0,0,0,0.4401
NA,"b1","t17",0,0,0,0,0,0,0.4212
NA,"b1","t18",0,0,0,0,0,0,0.4296
NA,"b1","t19",0,0,0,0,0,0,0.4377
NA,"b1","t2",4,6,0,0,1,6,0.4599
NA,"b1","t2",0,12,0,0,1,75,0.4599
NA,"b1","t20",0,0,0,0,0,0,0.4374
NA,"b1","t21",0,0,0,0,0,0,0.4281
NA,"b1","t22",0,0,0,0,0,0,0.4284
NA,"b1","t23",0,0,0,0,0,0,0.4251
NA,"b1","t24",0,0,0,0,0,0,0.4347
NA,"b1","t25",0,0,0,0,0,0,0.4359
NA,"b1","t26",0,0,0,0,0,0,0.4296
NA,"b1","t27",1,0,1,0,0,1,0.4107
NA,"b1","t27",1,1,0,0,1,1,0.4107
NA,"b1","t28",2,1,0,0,1,2,0.4098
NA,"b1","t29",0,0,0,0,0,0,0.4269
NA,"b1","t3",0,0,0,1,0,14.3,0.4521
NA,"b1","t3",0,1,0,1,0,1,0.4521
NA,"b1","t3",0,6,0,1,0,6,0.4521
NA,"b1","t30",0,0,0,0,0,0,0.432
NA,"b1","t31",0,0,0,0,0,0,0.4269
NA,"b1","t32",0,0,0,0,0,0,0.4095
NA,"b1","t4",0,0,0,0,0,0,0.435
NA,"b1","t5",1,1,0,0,1,1,0.4386
NA,"b1","t6",0,0,0,0,0,0,0.4446
NA,"b1","t7",1,0,1,0,0,1,0.465
NA,"b1","t8",0,0,0,0,0,0,0.4539
NA,"b1","t9",0,0,0,0,0,0,0.435
NA,"b2","t1",0,0,0,0,0,0,0.4353
NA,"b2","t10",0,0,0,0,0,0,0.4776
NA,"b2","t11",0,0,0,0,0,0,0.4929
NA,"b2","t12",0,0,0,0,0,0,0.4581
NA,"b2","t13",0,0,0,0,0,0,0.4584
NA,"b2","t14",0,0,0,0,0,0,0.4482
NA,"b2","t15",0,0,0,0,0,0,0.4659
NA,"b2","t16",0,1,0,1,0,1,0.4662
NA,"b2","t17",0,0,0,0,0,0,0.4605
NA,"b2","t18",3,0,1,0,0,3,0.4566
NA,"b2","t19",7,7,0,0,1,7,0.4614
NA,"b2","t19",2,0,1,0,0,2,0.4614
NA,"b2","t2",0,0,0,0,0,0,0.4941
NA,"b2","t20",0,0,0,0,0,0,0.4428
NA,"b2","t21",0,0,0,0,0,0,0.4485
NA,"b2","t22",0,0,0,0,0,0,0.4596
NA,"b2","t23",0,0,0,0,0,0,0.4554
NA,"b2","t24",0,0,0,0,0,0,0.4677
NA,"b2","t25",0,0,0,1,0,14.3,0.4569
NA,"b2","t26",0,0,0,0,0,0,0.4251
NA,"b2","t27",0,0,0,0,0,0,0.4593
NA,"b2","t28",0,6,0,1,0,6,0.4644
NA,"b2","t28",0,12,0,1,0,12,0.4644
NA,"b2","t29",0,0,0,0,0,0,0.4506
NA,"b2","t3",0,0,0,0,0,0,0.4674
NA,"b2","t30",0,0,0,0,0,0,0.4722
NA,"b2","t4",0,1,0,1,0,1,0.4863
NA,"b2","t5",1,1,0,0,1,1,0.4818
NA,"b2","t5",1,1,0,0,1,1,0.4818
NA,"b2","t5",1,1,0,0,1,1,0.4818
NA,"b2","t6",0,0,0,0,0,0,0.4926
NA,"b2","t7",0,0,0,0,0,0,0.477
NA,"b2","t8",0,0,0,0,0,0,0.4794
NA,"b2","t9",0,0,0,0,0,0,0.4665
NA,"b3","t1",0,0,0,0,0,0,0.4089
NA,"b3","t10",0,0,0,0,0,0,0.4476
NA,"b3","t11",0,0,0,0,1,31,0.4311
NA,"b3","t11",0,0,0,0,1,44,0.4311
NA,"b3","t12",7,6,0,0,1,7,0.4584
NA,"b3","t12",0,0,0,0,1,94,0.4584
NA,"b3","t13",0,0,0,1,0,14.3,0.4338
NA,"b3","t14",0,0,0,0,0,0,0.4362
NA,"b3","t15",1,3,0,0,1,3,0.4491
NA,"b3","t16",0,0,0,0,0,0,0.4482
NA,"b3","t17",0,0,0,0,0,0,0.4278
NA,"b3","t18",0,0,0,0,0,0,0.4437
NA,"b3","t19",0,0,0,0,0,0,0.4305
NA,"b3","t2",0,0,0,0,0,0,0.4371
NA,"b3","t20",0,0,0,0,0,0,0.4305
NA,"b3","t21",0,0,0,0,0,0,0.4335
NA,"b3","t22",0,0,0,0,0,0,0.4335
NA,"b3","t23",0,0,0,0,0,0,0.4323
NA,"b3","t24",0,0,0,0,0,0,0.4296
NA,"b3","t25",0,1,0,1,0,1,0.4176
NA,"b3","t26",0,0,0,0,0,0,0.4215
NA,"b3","t27",0,0,0,0,0,0,0.4227
NA,"b3","t28",0,0,0,0,0,0,0.4278
NA,"b3","t29",0,0,0,0,0,0,0.4149
NA,"b3","t3",1,0,1,0,0,1,0.4311
NA,"b3","t30",0,0,0,0,0,0,0.4161
NA,"b3","t31",0,0,0,0,0,0,0.4254
NA,"b3","t32",0,0,0,0,0,0,0.4254
NA,"b3","t4",0,0,0,0,0,0,0.4392
NA,"b3","t5",0,0,0,0,0,0,0.4362
NA,"b3","t6",0,0,0,0,0,0,0.4404
NA,"b3","t7",0,0,0,0,0,0,0.4512
NA,"b3","t8",0,0,0,0,0,0,0.4509
NA,"b3","t9",0,0,0,0,1,44,0.441
NA,"b4","t1",0,0,0,0,0,0,0.4425
NA,"b4","t10",0,0,0,0,0,0,0.4935
NA,"b4","t11",0,0,0,0,0,0,0.465
NA,"b4","t12",0,0,0,0,0,0,0.4575
NA,"b4","t13",0,0,0,0,0,0,0.4563
NA,"b4","t14",0,0,0,0,0,0,0.4614
NA,"b4","t15",0,0,0,0,0,0,0.4671
NA,"b4","t16",5,0,1,0,0,5,0.4503
NA,"b4","t16",2,2,0,0,1,2,0.4626
NA,"b4","t17",1,5,0,0,1,5,0.4686
NA,"b4","t17",25,0,0,0,1,25,0.4686
NA,"b4","t17",3,0,0,0,1,15,0.4686
NA,"b4","t18",8,4,0,0,1,8,0.4272
NA,"b4","t18",9,0,1,0,0,9,0.4272
NA,"b4","t19",6,0,1,0,0,6,0.4218
NA,"b4","t2",0,0,0,0,0,0,0.4902
NA,"b4","t20",2,1,0,0,1,2,0.4629
NA,"b4","t21",0,0,0,0,0,0,0.4614
NA,"b4","t22",0,0,0,0,0,0,0.4692
NA,"b4","t23",0,0,0,0,0,0,0.4593
NA,"b4","t24",0,0,0,0,0,0,0.4635
NA,"b4","t25",0,0,0,0,0,0,0.4533
NA,"b4","t26",0,0,0,0,0,0,0.4485
NA,"b4","t27",0,0,0,0,0,0,0.4539
NA,"b4","t28",0,0,0,0,0,0,0.4572
NA,"b4","t29",6,6,0,0,1,6,0.4707
NA,"b4","t3",0,0,0,0,0,0,0.4713
NA,"b4","t30",0,0,0,0,0,0,0.4587
NA,"b4","t31",0,0,0,0,0,0,0.4536
NA,"b4","t4",0,0,0,0,0,0,0.4755
NA,"b4","t5",0,0,0,0,0,0,0.4725
NA,"b4","t6",0,0,0,0,0,0,0.4815
NA,"b4","t7",0,0,0,0,0,0,0.4848
NA,"b4","t8",0,0,0,0,0,0,0.4899
NA,"b4","t9",0,0,0,0,0,0,0.4863
NA,"b5","t1",0,0,0,0,0,0,0.4002
NA,"b5","t10",0,0,0,0,1,31,0.4482
NA,"b5","t11",0,4,0,1,0,4,0.4401
NA,"b5","t12",0,0,0,0,0,0,0.4155
NA,"b5","t13",0,0,0,0,0,0,0.4407
NA,"b5","t14",2,0,1,0,0,2,0.4551
NA,"b5","t15",0,0,0,0,0,0,0.4368
NA,"b5","t16",0,0,0,0,0,0,0.4248
NA,"b5","t17",0,0,0,0,0,0,0.4395
NA,"b5","t18",0,0,0,0,0,0,0.4401
NA,"b5","t19",0,0,0,0,0,0,0.4293
NA,"b5","t2",0,0,0,0,0,0,0.4389
NA,"b5","t20",0,0,0,0,0,0,0.4182
NA,"b5","t21",0,0,0,0,0,0,0.4353
NA,"b5","t22",0,0,0,0,0,0,0.4299
NA,"b5","t23",0,0,0,0,0,0,0.4329
NA,"b5","t24",0,0,0,0,0,0,0.4152
NA,"b5","t25",0,0,0,0,0,0,0.4377
NA,"b5","t26",0,0,0,0,0,0,0.4392
NA,"b5","t27",0,0,0,0,0,0,0.4398
NA,"b5","t28",0,0,0,0,0,0,0.402
NA,"b5","t29",0,0,0,0,0,0,0.4077
NA,"b5","t3",0,0,0,0,0,0,0.4431
NA,"b5","t30",0,0,0,0,0,0,0.4158
NA,"b5","t31",0,0,0,0,0,0,0.4164
NA,"b5","t32",0,0,0,0,0,0,0.4074
NA,"b5","t33",0,0,0,0,0,0,0.4014
NA,"b5","t4",0,0,0,0,0,0,0.4455
NA,"b5","t5",5,8,0,0,1,8,0.4428
NA,"b5","t5",3,5,0,0,1,3,0.4428
NA,"b5","t6",0,0,0,0,0,0,0.4377
NA,"b5","t7",0,0,0,0,0,0,0.4275
NA,"b5","t8",0,0,0,0,0,0,0.4314
NA,"b5","t9",0,0,0,0,0,0,0.4404
NA,"b6","t1",0,0,0,0,0,0,0.3726
NA,"b6","t10",0,0,0,0,0,0,0.4842
NA,"b6","t11",0,0,0,0,0,0,0.4821
NA,"b6","t12",0,0,0,0,0,0,0.471
NA,"b6","t13",0,0,0,0,0,0,0.4632
NA,"b6","t14",0,0,0,0,0,0,0.4881
NA,"b6","t15",0,0,0,0,0,0,0.4902
NA,"b6","t16",0,0,0,0,0,0,0.471
NA,"b6","t17",0,0,0,0,0,0,0.4653
NA,"b6","t18",0,0,0,0,0,0,0.4731
NA,"b6","t19",0,0,0,0,0,0,0.48
NA,"b6","t2",0,0,0,0,0,0,0.4287
NA,"b6","t20",0,0,0,1,0,14.3,0.4755
NA,"b6","t20",2,4,0,0,1,4,0.4755
NA,"b6","t20",1,6,0,0,1,6,0.4755
NA,"b6","t21",12,1,0,0,1,12,0.4647
NA,"b6","t22",0,0,0,0,0,0,0.471
NA,"b6","t23",0,0,0,0,0,0,0.4608
NA,"b6","t24",0,0,0,0,0,0,0.4761
NA,"b6","t25",0,0,0,0,0,0,0.4749
NA,"b6","t26",0,0,0,0,0,0,0.471
NA,"b6","t27",0,0,0,0,0,0,0.4674
NA,"b6","t28",0,0,0,0,0,0,0.4647
NA,"b6","t3",0,0,0,0,0,0,0.5145
NA,"b6","t4",0,0,0,0,0,0,0.5184
NA,"b6","t5",0,0,0,0,0,0,0.4761
NA,"b6","t6",0,0,0,0,0,0,0.4512
NA,"b6","t7",0,0,0,0,0,0,0.4836
NA,"b6","t8",0,0,0,0,0,0,0.4764
NA,"b6","t9",0,0,0,0,0,0,0.4794
NA,"ta6cessna","t10",0,0,0,0,0,0,0.4527
NA,"ta6cessna","t11",0,0,0,0,0,0,0.4581
NA,"ta6cessna","t12",0,0,0,0,0,0,0.4416
NA,"ta6cessna","t13",0,0,0,0,0,0,0.4563
NA,"ta6cessna","t14",0,0,0,0,0,0,0.4503
NA,"ta6cessna","t15",0,0,0,0,0,0,0.4353
NA,"ta6cessna","t16",0,0,0,0,0,0,0.4434
NA,"ta6cessna","t17",0,0,0,0,0,0,0.4467
NA,"ta6cessna","t18",0,0,0,0,0,0,0.4587
NA,"ta6cessna","t19",0,0,0,0,0,0,0.438
NA,"ta6cessna","t2",0,20,0,0,1,0,0.4458
NA,"ta6cessna","t20",0,0,0,0,0,0,0.4356
NA,"ta6cessna","t21",0,0,0,0,0,0,0.4461
NA,"ta6cessna","t22",0,0,0,0,0,0,0.4371
NA,"ta6cessna","t23",0,0,0,0,0,0,0.4356
NA,"ta6cessna","t23",0,0,0,0,0,0,0.4356
NA,"ta6cessna","t24",8,0,1,0,0,0,0.4539
NA,"ta6cessna","t25",0,0,0,0,0,0,0.4683
NA,"ta6cessna","t26",0,0,0,0,0,0,0.4446
NA,"ta6cessna","t27",1,0,1,0,0,0,0.453
NA,"ta6cessna","t28",0,0,0,0,0,0,0.4503
NA,"ta6cessna","t28",0,0,0,0,0,0,0.4233
NA,"ta6cessna","t28",0,0,0,0,0,0,0.4233
NA,"ta6cessna","t29",0,0,0,0,0,0,0.4347
NA,"ta6cessna","t3",0,18,0,1,0,0,0.4572
NA,"ta6cessna","t30",0,0,0,0,0,0,0.4341
NA,"ta6cessna","t4",0,0,0,0,0,0,0.4623
NA,"ta6cessna","t5",0,0,0,0,0,0,0.4755
NA,"ta6cessna","t6",5,5,0,0,1,0,0.4677
NA,"ta6cessna","t7",0,0,0,0,0,0,0.4578
NA,"ta6cessna","t8",0,0,0,0,0,0,0.4557
NA,"ta6cessna","t9",0,0,0,0,0,0,0.4566
NA,"ta8cessna","t1",0,0,0,0,0,0,0.4866
NA,"ta8cessna","t10",0,0,0,0,0,0,0.4914
NA,"ta8cessna","t11",0,0,0,0,0,0,0.4758
NA,"ta8cessna","t12",0,0,0,0,0,0,0.468
NA,"ta8cessna","t13",0,0,0,0,0,0,0.4737
NA,"ta8cessna","t14",0,0,0,0,0,0,0.4617
NA,"ta8cessna","t15",0,0,0,0,0,0,0.462
NA,"ta8cessna","t16",0,0,0,0,0,0,0.4548
NA,"ta8cessna","t17",0,0,0,0,0,0,0.417
NA,"ta8cessna","t18",0,0,0,0,0,0,0.4383
NA,"ta8cessna","t19",0,0,0,0,0,0,0.4512
NA,"ta8cessna","t2",0,0,0,0,0,0,0.4719
NA,"ta8cessna","t20",0,0,0,0,0,0,0.4479
NA,"ta8cessna","t21",0,0,0,0,0,0,0.4599
NA,"ta8cessna","t22",0,0,0,0,0,0,0.462
NA,"ta8cessna","t23",0,0,0,0,1,0,0.4575
NA,"ta8cessna","t23",0,0,0,0,1,0,0.4575
NA,"ta8cessna","t24",0,0,0,0,0,0,0.4539
NA,"ta8cessna","t25",0,0,0,0,0,0,0.4782
NA,"ta8cessna","t26",0,0,0,0,0,0,0.4797
NA,"ta8cessna","t27",0,0,0,0,0,0,0.4878
NA,"ta8cessna","t28",15,8,0,0,1,0,0.4731
NA,"ta8cessna","t28",10,0,1,0,0,0,0.4731
NA,"ta8cessna","t28",20,0,1,0,0,0,0.4731
NA,"ta8cessna","t3",0,0,0,0,0,0,0.4728
NA,"ta8cessna","t4",0,0,0,0,0,0,0.4851
NA,"ta8cessna","t5",0,3,0,1,0,0,0.4917
NA,"ta8cessna","t6",0,0,0,0,0,0,0.4818
NA,"ta8cessna","t7",0,0,0,0,0,0,0.4788
NA,"ta8cessna","t8",0,0,0,0,0,0,0.5298
NA,"ta8cessna","t9",0,0,0,0,0,0,0.5082
NA,"tb2cessna","t10",1,15,0,0,1,0,0.489
NA,"tb2cessna","t10",1,0,1,0,0,0,0.489
NA,"tb2cessna","t11",0,0,0,0,0,0,0.4869
NA,"tb2cessna","t12",2,0,1,0,0,0,0.4839
NA,"tb2cessna","t13",0,0,0,0,0,0,0.4791
NA,"tb2cessna","t14",0,0,0,0,0,0,0.465
NA,"tb2cessna","t15",0,0,0,0,0,0,0.489
NA,"tb2cessna","t16",0,0,0,0,0,0,0.4806
NA,"tb2cessna","t17",0,0,0,0,0,0,0.4881
NA,"tb2cessna","t18",0,0,0,0,0,0,0.4971
NA,"tb2cessna","t19",0,0,0,0,0,0,0.4806
NA,"tb2cessna","t2",1,0,1,0,0,0,0.483
NA,"tb2cessna","t20",0,0,0,0,0,0,0.4644
NA,"tb2cessna","t21",0,0,0,0,0,0,0.4725
NA,"tb2cessna","t22",0,0,0,0,0,0,0.468
NA,"tb2cessna","t23",0,0,0,0,0,0,0.4548
NA,"tb2cessna","t24",1,2,0,0,1,0,0.4509
NA,"tb2cessna","t24",1,0,1,0,0,0,0.4458
NA,"tb2cessna","t24",1,0,1,0,0,0,0.4458
NA,"tb2cessna","t25",1,0,1,0,0,0,0.4476
NA,"tb2cessna","t26",0,0,0,0,0,0,0.4566
NA,"tb2cessna","t27",0,0,0,0,0,0,0.4572
NA,"tb2cessna","t28",0,3,0,1,0,0,0.4638
NA,"tb2cessna","t3",0,0,0,0,0,0,0.4593
NA,"tb2cessna","t4",0,0,0,0,0,0,0.4638
NA,"tb2cessna","t5",0,0,0,0,0,0,0.4542
NA,"tb2cessna","t6",0,0,0,0,0,0,0.4704
NA,"tb2cessna","t7",0,0,0,0,0,0,0.468
NA,"tb2cessna","t8",0,0,0,0,0,0,0.4737
NA,"tb2cessna","t9",0,0,0,0,0,0,0.4734
NA,"tb4cessna","t1",0,0,0,0,0,0,0.453197765363129
NA,"tb4cessna","t10",0,0,0,0,0,0,0.4398
NA,"tb4cessna","t11",0,0,0,0,0,0,0.4533
NA,"tb4cessna","t12",0,0,0,0,0,0,0.4515
NA,"tb4cessna","t13",0,0,0,0,0,0,0.4521
NA,"tb4cessna","t14",0,0,0,0,0,0,0.4554
NA,"tb4cessna","t15",0,0,0,1,0,0,0.4473
NA,"tb4cessna","t16",0,0,0,0,1,0,0.4638
NA,"tb4cessna","t17",0,0,1,0,0,0,0.4698
NA,"tb4cessna","t18",0,0,0,1,0,0,0.4764
NA,"tb4cessna","t19",0,10,0,1,0,0,0.4776
NA,"tb4cessna","t2",0,0,0,0,0,0,0.4824
NA,"tb4cessna","t20",0,0,0,0,0,0,0.4884
NA,"tb4cessna","t21",0,0,0,0,0,0,0.4935
NA,"tb4cessna","t22",0,0,0,0,0,0,0.4956
NA,"tb4cessna","t23",0,0,0,0,0,0,0.4902
NA,"tb4cessna","t24",0,0,0,0,0,0,0.486
NA,"tb4cessna","t25",0,0,0,0,0,0,0.4665
NA,"tb4cessna","t26",0,0,0,0,1,0,0.468
NA,"tb4cessna","t26",0,0,1,0,0,0,0.4719
NA,"tb4cessna","t27",0,0,0,0,0,0,0.4902
NA,"tb4cessna","t28",0,0,0,0,0,0,0.4893
NA,"tb4cessna","t3",0,0,0,0,0,0,0.4863
NA,"tb4cessna","t4",0,0,0,0,0,0,0.4935
NA,"tb4cessna","t5",0,0,1,0,0,0,0.4815
NA,"tb4cessna","t6",0,0,0,0,0,0,0.4689
NA,"tb4cessna","t7",0,0,0,0,0,0,0.4572
NA,"tb4cessna","t8",0,0,0,0,0,0,0.4692
NA,"tb4cessna","t9",0,0,0,0,0,0,0.4416
NA,"tb6cessna","t1",0,0,0,0,0,0,0.453197765363129
NA,"tb6cessna","t10",0,0,0,0,0,0,0.474
NA,"tb6cessna","t11",0,0,0,0,0,0,0.4779
NA,"tb6cessna","t12",0,0,0,0,0,0,0.4818
NA,"tb6cessna","t13",0,0,0,0,0,0,0.4743
NA,"tb6cessna","t14",0,0,0,0,0,0,0.4836
NA,"tb6cessna","t15",0,0,0,0,0,0,0.4953
NA,"tb6cessna","t16",0,0,0,0,0,0,0.4938
NA,"tb6cessna","t17",0,0,0,0,0,0,0.4806
NA,"tb6cessna","t18",0,0,0,0,0,0,0.4872
NA,"tb6cessna","t19",0,0,0,0,0,0,0.4689
NA,"tb6cessna","t2",6,4,0,0,1,0,0.5031
NA,"tb6cessna","t2",4,0,1,0,0,0,0.4875
NA,"tb6cessna","t20",0,0,0,0,0,0,0.4596
NA,"tb6cessna","t3",0,5,0,1,0,0,0.471
NA,"tb6cessna","t4",0,1,0,1,0,0,0.4701
NA,"tb6cessna","t5",0,0,0,0,0,0,0.4656
NA,"tb6cessna","t6",0,0,0,0,0,0,0.4536
NA,"tb6cessna","t7",0,0,0,0,0,0,0.4554
NA,"tb6cessna","t8",0,0,0,0,0,0,0.4629
NA,"tb6cessna","t9",0,0,0,0,0,0,0.468
NA,"tc1","t1",0,0,0,0,0,0,0.453197765363129
NA,"tc1","t10",11,0,1,0,0,11,0.438
NA,"tc1","t11",0,0,0,0,0,0,0.4404
NA,"tc1","t12",4,5,0,0,1,5,0.435
NA,"tc1","t13",0,0,0,0,0,0,0.4362
NA,"tc1","t14",0,0,0,0,0,0,0.435
NA,"tc1","t15",0,0,0,0,0,0,0.4455
NA,"tc1","t16",0,0,0,0,0,0,0.4476
NA,"tc1","t17",0,0,0,0,0,0,0.4485
NA,"tc1","t18",0,0,0,0,0,0,0.4353
NA,"tc1","t19",0,0,0,0,0,0,0.4305
NA,"tc1","t2",0,0,0,0,0,0,0.4476
NA,"tc1","t20",0,0,0,0,0,0,0.4527
NA,"tc1","t20",0,0,0,0,0,0,0.4527
NA,"tc1","t21",0,0,0,0,0,0,0.4404
NA,"tc1","t22",0,0,0,0,0,0,0.4452
NA,"tc1","t23",0,0,0,0,0,0,0.4542
NA,"tc1","t24",0,0,0,0,0,0,0.4506
NA,"tc1","t25",0,0,0,0,0,0,0.4434
NA,"tc1","t26",0,0,0,0,0,0,0.4305
NA,"tc1","t27",0,0,0,0,0,0,0.4314
NA,"tc1","t28",0,0,0,0,0,0,0.4437
NA,"tc1","t29",0,0,0,0,0,0,0.4443
NA,"tc1","t3",0,0,0,0,0,0,0.4353
NA,"tc1","t30",0,0,0,0,0,0,0.4437
NA,"tc1","t31",0,0,0,0,0,0,0.4473
NA,"tc1","t32",0,0,0,0,0,0,0.4557
NA,"tc1","t33",0,0,0,0,0,0,0.4419
NA,"tc1","t34",0,0,0,0,0,0,0.4353
NA,"tc1","t35",0,0,0,0,0,0,0.4389
NA,"tc1","t36",0,0,0,0,0,0,0.4278
NA,"tc1","t37",0,0,0,0,0,0,0.4407
NA,"tc1","t38",0,0,0,0,0,0,0.4419
NA,"tc1","t4",0,0,0,0,0,0,0.435
NA,"tc1","t6",0,0,0,0,1,39,0.4416
NA,"tc1","t6",0,1,0,1,0,1,0.4218
NA,"tc1","t7",0,0,0,0,0,0,0.4074
NA,"tc1","t9",0,5,0,1,0,5,0.447
NA,"tc2cessna","t1",0,0,0,0,0,0,0.5013
NA,"tc2cessna","t2",0,0,0,0,0,0,0.4998
NA,"tc2cessna","t3",0,0,0,0,0,0,0.4959
NA,"tc2cessna","t4",0,0,0,0,0,0,0.5079
NA,"tc2cessna","t5",0,0,0,0,0,0,0.5091
NA,"tc2cessna","t6",6,6,0,0,1,0,0.4959
NA,"tc2","t1",0,0,0,0,0,0,0.453197765363129
NA,"tc2","t10",0,0,0,0,0,0,0.4695
NA,"tc2","t11",0,0,0,0,0,0,0.4575
NA,"tc2","t12",0,0,0,0,0,0,0.4503
NA,"tc2","t13",0,0,0,0,0,0,0.4362
NA,"tc2","t14",0,0,0,0,0,0,0.4473
NA,"tc2","t15",0,0,0,0,0,0,0.438
NA,"tc2","t16",0,0,0,0,0,0,0.4635
NA,"tc2","t17",0,0,0,0,0,0,0.4587
NA,"tc2","t18",0,0,0,0,0,0,0.4665
NA,"tc2","t19",0,0,0,0,0,0,0.4674
NA,"tc2","t2",0,0,0,0,0,0,0.4845
NA,"tc2","t20",0,0,0,0,0,0,0.4536
NA,"tc2","t20",0,0,0,0,0,0,0.4395
NA,"tc2","t21",0,0,0,0,0,0,0.4584
NA,"tc2","t22",0,0,0,0,0,0,0.4563
NA,"tc2","t23",0,0,0,0,0,0,0.4626
NA,"tc2","t24",0,0,0,0,0,0,0.4659
NA,"tc2","t25",0,0,0,0,0,0,0.4617
NA,"tc2","t26",0,0,0,0,0,0,0.4821
NA,"tc2","t3",0,0,0,0,0,0,0.4524
NA,"tc2","t4",0,0,0,0,0,0,0.4548
NA,"tc2","t5",0,0,0,0,0,0,0.4629
NA,"tc2","t6",0,0,0,0,0,0,0.4614
NA,"tc2","t7",0,0,0,0,0,0,0.456
NA,"tc2","t8",0,0,0,0,0,0,0.4476
NA,"tc2","t9",0,0,0,0,0,0,0.4629
NA,"tc3","t10",0,0,0,0,0,0,0.4587
NA,"tc3","t11",0,0,0,0,0,0,0.4398
NA,"tc3","t12",0,0,0,0,0,0,0.4359
NA,"tc3","t13",0,0,0,0,0,0,0.4383
NA,"tc3","t14",0,0,0,0,0,0,0.4368
NA,"tc3","t15",0,0,0,0,0,0,0.4524
NA,"tc3","t16",0,0,0,0,0,0,0.4281
NA,"tc3","t17",0,0,0,0,0,0,0.4548
NA,"tc3","t18",0,0,0,0,0,0,0.4521
NA,"tc3","t19",0,0,0,0,0,0,0.4368
NA,"tc3","t2",0,0,0,0,1,40,0.3558
NA,"tc3","t20",0,0,0,0,0,0,0.4179
NA,"tc3","t20",0,0,0,0,0,0,0.4245
NA,"tc3","t21",0,0,0,0,0,0,0.4392
NA,"tc3","t22",0,0,0,0,0,0,0.432
NA,"tc3","t23",0,0,0,0,0,0,0.4392
NA,"tc3","t24",0,0,0,0,0,0,0.4338
NA,"tc3","t25",0,0,0,0,0,0,0.4185
NA,"tc3","t26",0,0,0,0,0,0,0.4269
NA,"tc3","t27",0,0,0,0,0,0,0.4191
NA,"tc3","t28",0,0,0,0,0,0,0.4356
NA,"tc3","t29",0,0,0,0,0,0,0.4461
NA,"tc3","t3",0,3,0,1,0,3,0.4074
NA,"tc3","t3",0,0,0,0,1,33,0.4074
NA,"tc3","t4",0,0,0,0,1,25,0.4245
NA,"tc3","t5",0,0,0,0,0,0,0.435
NA,"tc3","t6",0,0,0,0,0,0,0.4386
NA,"tc3","t7",0,0,0,0,0,0,0.4566
NA,"tc3","t8",0,0,0,0,0,0,0.4374
NA,"tc3","t9",0,0,0,0,0,0,0.459
NA,"tc4cessna","t2",0,0,0,0,0,0,0.4323
NA,"tc4cessna","t3",14,14,0,0,1,0,0.4281
NA,"tc4cessna","t3",14,0,1,0,0,0,0.4428
NA,"tc4cessna","t4",0,0,0,0,0,0,0.4617
NA,"tc4cessna","t5",0,0,0,0,0,0,0.4749
NA,"tc4cessna","t6",0,0,0,0,0,0,0.4767
NA,"tc4cessna","t7",0,0,0,0,0,0,0.4884
NA,"tc4","t1",0,0,0,0,0,0,0.453197765363129
NA,"tc4","t10",0,0,0,0,0,0,0.4686
NA,"tc4","t11",0,0,0,0,0,0,0.4791
NA,"tc4","t12",0,0,0,0,0,0,0.4875
NA,"tc4","t13",0,0,0,0,0,0,0.4707
NA,"tc4","t14",0,0,0,0,0,0,0.4809
NA,"tc4","t15",0,0,0,0,0,0,0.4827
NA,"tc4","t16",0,0,0,0,0,0,0.4845
NA,"tc4","t17",0,0,0,0,0,0,0.4791
NA,"tc4","t18",0,0,0,0,0,0,0.4827
NA,"tc4","t19",0,0,0,0,0,0,0.471
NA,"tc4","t2",0,0,0,0,0,0,0.486
NA,"tc4","t20",0,0,0,0,0,0,0.4602
NA,"tc4","t20",0,0,0,0,0,0,0.4761
NA,"tc4","t21",0,0,0,0,0,0,0.4806
NA,"tc4","t22",0,0,0,0,0,0,0.4935
NA,"tc4","t23",0,0,0,0,0,0,0.4797
NA,"tc4","t24",0,0,0,0,0,0,0.4878
NA,"tc4","t3",0,0,0,0,0,0,0.4743
NA,"tc4","t4",0,0,0,0,0,0,0.4653
NA,"tc4","t5",0,0,0,0,0,0,0.4674
NA,"tc4","t6",0,0,0,0,0,0,0.4698
NA,"tc4","t7",0,0,0,0,0,0,0.4707
NA,"tc4","t8",0,0,0,0,0,0,0.4788
NA,"tc4","t9",0,0,0,0,0,0,0.4827
NA,"tc5","t1",0,0,0,0,0,0,0.4059
NA,"tc5","t10",0,0,0,0,0,0,0.4482
NA,"tc5","t11",0,0,0,0,0,0,0.4551
NA,"tc5","t12",0,0,0,0,0,0,0.4326
NA,"tc5","t13",0,0,0,0,0,0,0.4143
NA,"tc5","t14",0,0,0,0,0,0,0.4176
NA,"tc5","t15",0,0,0,0,0,0,0.4362
NA,"tc5","t16",0,0,0,0,0,0,0.4359
NA,"tc5","t17",0,0,0,0,0,0,0.4422
NA,"tc5","t18",0,0,0,0,0,0,0.4371
NA,"tc5","t19",0,0,0,0,0,0,0.4302
NA,"tc5","t2",0,0,0,0,1,28,0.4422
NA,"tc5","t2",1,1,0,0,1,1,0.4422
NA,"tc5","t2",0,1,0,1,0,1,0.4422
NA,"tc5","t20",0,0,0,0,0,0,0.4302
NA,"tc5","t20",0,0,0,0,0,0,0.4302
NA,"tc5","t21",0,0,0,0,0,0,0.438
NA,"tc5","t22",0,0,0,0,0,0,0.447
NA,"tc5","t23",0,0,0,0,0,0,0.4257
NA,"tc5","t24",0,0,0,0,0,0,0.4203
NA,"tc5","t25",0,0,0,0,0,0,0.4371
NA,"tc5","t26",0,0,0,0,0,0,0.4287
NA,"tc5","t27",0,0,0,0,0,0,0.4335
NA,"tc5","t3",0,0,0,0,1,22,0.4431
NA,"tc5","t3",6,6,0,0,1,6,0.4431
NA,"tc5","t4",0,0,0,0,0,0,0.4467
NA,"tc5","t5",0,0,0,0,0,0,0.4266
NA,"tc5","t6",0,0,0,0,0,0,0.4389
NA,"tc5","t7",0,0,0,0,0,0,0.4248
NA,"tc5","t8",0,0,0,0,0,0,0.4353
NA,"tc5","t9",0,0,0,0,0,0,0.4428
NA,"tc6cessna","t1",0,15,0,1,0,0,0.453197765363129
NA,"tc6cessna","t2",0,0,1,0,0,0,0.492
NA,"tc6cessna","t2",3,0,1,0,0,0,0.4962
NA,"tc6cessna","t3",0,0,0,0,0,0,0.489
NA,"tc6cessna","t4",0,2,0,1,0,0,0.477
NA,"tc6cessna","t5",0,0,0,0,0,0,0.474
NA,"tc6","t1",0,0,0,0,0,0,0.453197765363129
NA,"tc6","t10",0,0,0,0,0,0,0.4668
NA,"tc6","t11",0,0,0,0,0,0,0.4737
NA,"tc6","t12",0,0,0,0,0,0,0.4821
NA,"tc6","t13",0,0,0,0,0,0,0.4704
NA,"tc6","t14",0,0,0,0,0,0,0.4776
NA,"tc6","t15",0,0,0,0,0,0,0.4749
NA,"tc6","t16",0,0,0,0,0,0,0.4773
NA,"tc6","t17",0,0,0,0,0,0,0.4875
NA,"tc6","t18",0,0,0,0,0,0,0.489
NA,"tc6","t19",0,0,0,0,0,0,0.4776
NA,"tc6","t2",0,0,0,0,0,0,0.4827
NA,"tc6","t20",0,0,0,0,0,0,0.4599
NA,"tc6","t20",0,3,0,1,0,3,0.4599
NA,"tc6","t21",0,0,0,0,0,0,0.4665
NA,"tc6","t22",0,0,0,1,0,162,0.4803
NA,"tc6","t22",0,3,0,1,0,3,0.4992
NA,"tc6","t23",0,0,0,0,0,0,0.4884
NA,"tc6","t24",0,0,0,0,0,0,0.4737
NA,"tc6","t25",0,0,0,0,0,0,0.4827
NA,"tc6","t3",0,0,0,0,0,0,0.4734
NA,"tc6","t4",0,0,0,0,0,0,0.4683
NA,"tc6","t5",0,0,0,0,0,0,0.4707
NA,"tc6","t6",0,0,0,0,0,0,0.4821
NA,"tc6","t8",0,0,0,0,0,0,0.4875
NA,"tc6","t9",0,0,0,0,0,0,0.4836
NA,"tf1","t1",0,0,0,0,0,0,0.453197765363129
NA,"tf1","t10",0,0,0,0,0,0,0.4143
NA,"tf1","t11",0,0,0,0,0,0,0.4272
NA,"tf1","t12",0,0,0,0,0,0,0.4098
NA,"tf1","t13",0,0,0,0,0,0,0.4161
NA,"tf1","t14",0,0,0,0,0,0,0.4164
NA,"tf1","t15",0,0,0,0,0,0,0.4185
NA,"tf1","t16",0,0,0,0,0,0,0.4326
NA,"tf1","t2",0,0,0,0,0,0,0.4482
NA,"tf1","t3",0,0,0,0,0,0,0.4263
NA,"tf1","t4",0,0,0,0,0,0,0.4293
NA,"tf1","t5",0,0,0,0,0,0,0.4281
NA,"tf1","t6",0,0,0,0,0,0,0.4161
NA,"tf1","t7",0,0,0,0,0,0,0.4275
NA,"tf1","t8",0,0,0,0,0,0,0.4332
NA,"tf1","t9",0,0,0,0,0,0,0.4245
NA,"tf2","t1",0,0,0,0,0,0,0.4581
NA,"tf2","t10",0,0,0,0,0,0,0.4899
NA,"tf2","t11",0,0,0,0,0,0,0.5001
NA,"tf2","t12",0,0,0,0,0,0,0.4836
NA,"tf2","t13",0,0,0,0,0,0,0.4842
NA,"tf2","t14",0,0,0,0,0,0,0.4872
NA,"tf2","t15",0,0,0,0,0,0,0.4923
NA,"tf2","t2",0,0,0,0,0,0,0.5007
NA,"tf2","t3",0,0,0,0,0,0,0.4692
NA,"tf2","t4",0,0,0,0,0,0,0.4749
NA,"tf2","t5",0,0,0,0,0,0,0.4821
NA,"tf2","t6",0,0,0,0,0,0,0.4923
NA,"tf2","t7",0,0,0,0,0,0,0.4914
NA,"tf2","t8",0,0,0,0,0,0,0.4791
NA,"tf2","t9",0,0,0,0,0,0,0.4812
NA,"tf3","t1",0,0,0,0,0,0,0.3834
NA,"tf3","t10",0,0,0,0,0,0,0.4041
NA,"tf3","t11",0,0,0,0,0,0,0.4281
NA,"tf3","t12",0,0,0,0,0,0,0.4218
NA,"tf3","t13",0,0,0,0,0,0,0.4164
NA,"tf3","t14",0,0,0,0,0,0,0.408
NA,"tf3","t15",0,0,0,0,0,0,0.4104
NA,"tf3","t16",0,0,0,0,0,0,0.405
NA,"tf3","t2",0,0,0,0,0,0,0.4494
NA,"tf3","t3",0,0,0,0,0,0,0.4308
NA,"tf3","t4",0,0,0,0,0,0,0.4365
NA,"tf3","t5",0,0,0,0,0,0,0.4296
NA,"tf3","t6",0,0,0,0,0,0,0.4287
NA,"tf3","t7",0,0,0,0,0,0,0.408
NA,"tf3","t8",0,1,0,1,0,1,0.4101
NA,"tf3","t9",0,0,0,0,0,0,0.4032
NA,"tf4","t1",0,1,0,1,0,1,0.48
NA,"tf4","t10",0,0,0,0,0,0,0.4776
NA,"tf4","t11",0,0,0,0,0,0,0.4785
NA,"tf4","t12",0,0,0,0,0,0,0.4668
NA,"tf4","t13",0,0,0,0,0,0,0.4461
NA,"tf4","t14",0,0,0,0,0,0,0.462
NA,"tf4","t2",0,0,0,0,0,0,0.4812
NA,"tf4","t3",0,0,0,0,0,0,0.4881
NA,"tf4","t4",0,0,0,0,0,0,0.477
NA,"tf4","t5",0,0,0,0,0,0,0.4584
NA,"tf4","t6",0,0,0,0,0,0,0.4641
NA,"tf4","t7",0,0,0,0,0,0,0.4671
NA,"tf4","t8",0,0,0,0,0,0,0.4722
NA,"tf4","t9",0,0,0,0,0,0,0.468
NA,"tf5","t1",0,0,0,0,0,0,0.405
NA,"tf5","t10",0,0,0,0,0,0,0.4269
NA,"tf5","t11",0,0,0,0,0,0,0.4266
NA,"tf5","t12",0,0,0,0,0,0,0.4206
NA,"tf5","t13",0,0,0,0,0,0,0.4341
NA,"tf5","t15",0,0,0,0,0,0,0.4233
NA,"tf5","t16",0,0,0,0,0,0,0.4026
NA,"tf5","t17",0,0,0,0,0,0,0.4032
NA,"tf5","t2",0,0,0,0,0,0,0.4383
NA,"tf5","t3",0,0,0,0,0,0,0.4287
NA,"tf5","t4",0,0,0,0,0,0,0.4284
NA,"tf5","t5",0,0,0,0,0,0,0.4152
NA,"tf5","t6",0,0,0,0,0,0,0.4191
NA,"tf5","t7",0,0,0,0,0,0,0.4302
NA,"tf5","t8",0,0,0,0,0,0,0.4215
NA,"tf5","t9",0,0,0,0,0,0,0.4179
NA,"tf6","t1",0,0,0,0,0,0,0.3543
NA,"tf6","t10",0,0,0,0,0,0,0.4818
NA,"tf6","t11",0,0,0,0,0,0,0.4827
NA,"tf6","t12",0,0,0,0,0,0,0.4725
NA,"tf6","t13",0,0,0,0,0,0,0.4632
NA,"tf6","t14",0,0,0,0,0,0,0.474
NA,"tf6","t15",0,0,0,0,0,0,0.4779
NA,"tf6","t2",0,0,0,0,0,0,0.477
NA,"tf6","t3",0,0,0,0,0,0,0.4776
NA,"tf6","t4",0,0,0,0,0,0,0.48
NA,"tf6","t5",0,0,0,0,0,0,0.4728
NA,"tf6","t6",0,0,0,0,0,0,0.4767
NA,"tf6","t7",0,0,0,0,0,0,0.474
NA,"tf6","t8",0,0,0,0,0,0,0.4707
NA,"tf6","t9",0,0,0,0,0,0,0.4746
NA,"tf7","t1",0,0,0,0,0,0,0.4278
NA,"tf7","t10",0,0,0,0,0,0,0.4383
NA,"tf7","t11",0,0,0,0,0,0,0.4341
NA,"tf7","t12",0,0,0,0,0,0,0.4374
NA,"tf7","t13",0,0,0,0,0,0,0.4338
NA,"tf7","t14",0,0,0,0,0,0,0.4536
NA,"tf7","t15",0,0,0,0,0,0,0.4545
NA,"tf7","t16",0,0,0,0,0,0,0.441
NA,"tf7","t2",0,0,0,0,0,0,0.4473
NA,"tf7","t3",0,0,0,0,0,0,0.4485
NA,"tf7","t4",0,0,0,0,0,0,0.4407
NA,"tf7","t5",0,0,0,0,0,0,0.4404
NA,"tf7","t6",0,0,0,0,0,0,0.4437
NA,"tf7","t7",0,0,0,0,0,0,0.4434
NA,"tf7","t8",0,0,0,0,0,0,0.4464
NA,"tf7","t9",0,0,0,0,0,0,0.4428
NA,"tf8","t1",0,0,0,0,0,0,0.5004
NA,"tf8","t10",0,0,0,0,0,0,0.48
NA,"tf8","t11",0,0,0,0,0,0,0.4848
NA,"tf8","t12",0,0,0,0,0,0,0.4734
NA,"tf8","t13",0,0,0,0,0,0,0.4707
NA,"tf8","t14",0,0,0,0,0,0,0.4632
NA,"tf8","t15",0,0,0,0,0,0,0.4731
NA,"tf8","t2",0,0,0,0,0,0,0.4713
NA,"tf8","t3",0,0,0,0,0,0,0.483
NA,"tf8","t4",0,0,0,0,0,0,0.4698
NA,"tf8","t5",0,0,0,0,0,0,0.4617
NA,"tf8","t6",0,0,0,0,0,0,0.4707
NA,"tf8","t7",0,0,0,0,0,0,0.4758
NA,"tf8","t8",0,0,0,0,0,0,0.4659
NA,"tf8","t9",0,0,0,0,0,0,0.4701
NA,"tn10","t1",0,0,0,0,0,0,0.4722
NA,"tn10","t10",0,0,0,0,0,0,0.4956
NA,"tn10","t11",0,0,0,0,1,14.3,0.4635
NA,"tn10","t12",0,0,1,0,0,14.3,0.4596
NA,"tn10","t12",0,0,1,0,0,14.3,0.4596
NA,"tn10","t13",0,0,0,0,0,0,0.4599
NA,"tn10","t14",0,0,0,0,0,0,0.4791
NA,"tn10","t2",0,0,0,0,0,0,0.4773
NA,"tn10","t3",0,0,0,0,0,0,0.4737
NA,"tn10","t4",0,0,0,0,0,0,0.4857
NA,"tn10","t5",0,0,0,0,0,0,0.477
NA,"tn10","t6",0,0,0,0,0,0,0.4815
NA,"tn10","t7",0,0,0,0,0,0,0.4854
NA,"tn10","t8",14,14,0,0,1,14,0.4701
NA,"tn10","t9",6,6,0,0,1,6,0.4836
NA,"tn11","t1",1,1,0,0,1,1,0.4125
NA,"tn11","t10",0,0,0,0,0,0,0.4398
NA,"tn11","t11",0,0,0,0,0,0,0.4446
NA,"tn11","t2",1,1,0,0,1,1,0.4128
NA,"tn11","t2",8,7,0,0,1,8,0.4128
NA,"tn11","t3",0,0,0,0,0,0,0.4032
NA,"tn11","t4",0,0,0,0,0,0,0.4152
NA,"tn11","t5",0,0,0,0,0,0,0.4356
NA,"tn11","t6",0,0,0,0,0,0,0.4215
NA,"tn11","t7",0,0,0,0,0,0,0.4248
NA,"tn11","t8",0,12,0,1,0,12,0.4302
NA,"tn11","t9",0,0,0,0,1,14.3,0.4347
NA,"tn12","t1",0,2,0,1,0,2,0.4587
NA,"tn12","t10",0,0,0,0,0,0,0.4647
NA,"tn12","t11",0,0,0,0,0,0,0.5028
NA,"tn12","t2",0,0,0,0,0,0,0.4665
NA,"tn12","t3",0,0,0,0,0,0,0.4737
NA,"tn12","t4",0,0,0,0,0,0,0.4689
NA,"tn12","t5",0,0,0,0,0,0,0.4812
NA,"tn12","t6",0,0,0,0,0,0,0.4848
NA,"tn12","t7",0,0,0,0,0,0,0.4854
NA,"tn12","t8",0,0,0,0,0,0,0.4677
NA,"tn12","t9",0,0,0,0,0,0,0.4356
NA,"tn13","t1",0,0,0,0,0,0,0.4191
NA,"tn13","t10",5,4,0,0,1,5,0.4542
NA,"tn13","t11",0,0,0,0,0,0,0.4476
NA,"tn13","t12",0,0,0,0,0,0,0.4284
NA,"tn13","t13",0,0,0,0,0,0,0.4317
NA,"tn13","t14",0,0,0,0,0,0,0.453197765363129
NA,"tn13","t2",0,0,0,0,0,0,0.4086
NA,"tn13","t3",2,0,1,0,0,2,0.4389
NA,"tn13","t4",0,1,0,1,0,1,0.4269
NA,"tn13","t4",8,8,0,0,1,8,0.4269
NA,"tn13","t5",0,3,0,1,0,3,0.4377
NA,"tn13","t5",0,2,0,1,0,2,0.4377
NA,"tn13","t6",0,0,0,0,0,0,0.4374
NA,"tn13","t7",0,0,0,0,0,0,0.4299
NA,"tn13","t8",0,0,0,0,0,0,0.4512
NA,"tn13","t9",12,14,0,0,1,14,0.4473
NA,"tn13","t9",0,4,0,1,0,4,0.4473
NA,"tn14","t1",0,0,0,1,0,0,0.4686
NA,"tn14","t2",0,0,0,0,0,0,0.4911
NA,"tn14","t3",0,0,0,0,0,0,0.5049
NA,"tn14","t4",0,0,0,0,0,0,0.4656
NA,"tn15cessna","t2",6,0,1,0,0,0,0.4782
NA,"tn15cessna","t2",8,0,1,0,0,0,0.4602
NA,"tn15cessna","t3",0,10,0,1,0,0,0.4575
NA,"tn15cessna","t4",0,0,0,0,0,0,0.4641
NA,"tn15cessna","t5",0,1,0,1,0,0,0.4719
NA,"tn15cessna","t6",0,0,0,0,0,0,0.4584
NA,"tn15","t2",4,0,1,0,0,4,0.3321
NA,"tn15","t3",0,0,0,0,0,0,0.4179
NA,"tn15","t4",0,0,0,0,1,14.3,0.4329
NA,"tn15","t5",0,0,0,0,0,0,0.4122
NA,"tn15","t6",2,2,0,0,1,2,0.4248
NA,"tn15","t7",0,0,0,0,0,0,0.4125
NA,"tn15","t8",0,0,0,0,0,0,0.4281
NA,"tn15","t9",0,0,0,0,0,0,0.4179
NA,"tn16","t1",15,9,0,0,1,15,0.4824
NA,"tn16","t2",28,28,0,0,1,28,0.5058
NA,"tn16","t2",8,7,0,0,1,8,0.5058
NA,"tn16","t3",0,0,0,0,0,0,0.501
NA,"tn16","t4",17,17,0,0,1,17,0.5073
NA,"tn16","t4",38,0,0,0,1,38,0.5073
NA,"tn16","t5",0,0,0,0,0,0,0.5088
NA,"tn16","t6",0,0,0,0,0,0,0.4968
NA,"tn1","t1",0,0,0,0,0,0,0.405
NA,"tn1","t2",0,0,0,0,0,0,0.4167
NA,"tn1","t3",0,0,0,0,0,0,0.4386
NA,"tn1","t4",0,0,0,0,0,0,0.4302
NA,"tn1","t5",0,0,0,0,0,0,0.4122
NA,"tn1","t6",2,2,0,1,0,1,0.402
NA,"tn1","t7",0,0,0,0,0,0,0.4197
NA,"tn1","t8",0,0,0,0,0,0,0.4233
NA,"tn1","t9",0,0,0,0,0,0,0.4215
NA,"tn2","t1",0,0,0,0,0,0,0.4662
NA,"tn2","t10",0,0,0,0,0,0,0.4692
NA,"tn2","t11",0,0,0,0,0,0,0.4665
NA,"tn2","t12",0,0,0,0,0,0,0.4752
NA,"tn2","t2",0,0,0,0,0,0,0.4602
NA,"tn2","t3",0,0,0,0,0,0,0.4716
NA,"tn2","t4",0,0,0,0,0,0,0.4725
NA,"tn2","t5",0,0,0,0,0,0,0.462
NA,"tn2","t6",0,0,0,0,0,0,0.4737
NA,"tn2","t7",0,0,0,0,0,0,0.4638
NA,"tn2","t8",0,0,0,0,0,0,0.4608
NA,"tn2","t9",0,0,0,0,0,0,0.4782
NA,"tn3","t10",0,0,0,0,0,0,0.414
NA,"tn3","t11",0,0,0,0,0,0,0.4353
NA,"tn3","t12",0,0,0,0,0,0,0.4215
NA,"tn3","t13",0,0,0,0,0,0,0.4107
NA,"tn3","t2",4,4,0,0,1,4,0.426
NA,"tn3","t2",17,0,0,0,1,17,0.426
NA,"tn3","t2",10,10,0,0,1,10,0.426
NA,"tn3","t3",0,0,0,0,0,0,0.4158
NA,"tn3","t4",0,0,0,0,0,0,0.4131
NA,"tn3","t5",0,0,0,0,0,0,0.4269
NA,"tn3","t6",0,0,0,0,0,0,0.4158
NA,"tn3","t7",0,0,0,0,0,0,0.4026
NA,"tn3","t8",0,0,0,0,0,0,0.3969
NA,"tn3","t9",0,0,0,0,0,0,0.3975
NA,"tn4","t1",0,0,0,0,0,0,0.4791
NA,"tn4","t10",0,0,0,0,0,0,0.4722
NA,"tn4","t11",0,0,0,0,0,0,0.4806
NA,"tn4","t12",0,0,0,0,0,0,0.4602
NA,"tn4","t13",0,0,0,0,0,0,0.4665
NA,"tn4","t2",0,0,0,0,0,0,0.5004
NA,"tn4","t3",0,0,0,0,0,0,0.4671
NA,"tn4","t4",0,0,0,0,0,0,0.4737
NA,"tn4","t5",0,0,0,0,0,0,0.4827
NA,"tn4","t6",0,0,0,0,0,0,0.4824
NA,"tn4","t7",0,0,0,0,0,0,0.4677
NA,"tn4","t8",0,0,0,0,0,0,0.4692
NA,"tn4","t9",0,0,0,0,0,0,0.4779
NA,"tn5","t1",0,0,0,0,1,181,0.4791
NA,"tn5","t10",0,0,0,0,0,0,0.4221
NA,"tn5","t11",0,0,0,0,0,0,0.4203
NA,"tn5","t12",0,0,0,0,0,0,0.4287
NA,"tn5","t13",0,0,0,0,0,0,0.4104
NA,"tn5","t14",0,0,0,0,0,0,0.3972
NA,"tn5","t2",0,0,0,0,0,0,0.4293
NA,"tn5","t3",0,0,0,0,0,0,0.3807
NA,"tn5","t4",2,1,0,0,1,2,0.4032
NA,"tn5","t4",0,5,0,1,0,5,0.4032
NA,"tn5","t5",0,4,0,1,0,4,0.4215
NA,"tn5","t5",0,0,0,0,1,14.3,0.4215
NA,"tn5","t6",1,0,1,0,0,1,0.4011
NA,"tn5","t7",0,0,0,0,0,0,0.402
NA,"tn5","t8",0,0,0,0,0,0,0.4008
NA,"tn5","t9",0,0,0,0,0,0,0.4227
NA,"tn6","t1",0,0,0,0,0,0,0.4086
NA,"tn6","t10",1,1,0,0,1,1,0.4692
NA,"tn6","t11",0,0,0,0,0,0,0.4848
NA,"tn6","t12",2,10,0,0,1,10,0.48
NA,"tn6","t13",0,0,0,0,0,0,0.4803
NA,"tn6","t14",0,0,0,0,0,0,0.4839
NA,"tn6","t2",0,0,0,0,0,0,0.4752
NA,"tn6","t3",0,0,0,0,0,0,0.4869
NA,"tn6","t4",0,0,0,0,0,0,0.4836
NA,"tn6","t5",0,0,0,0,0,0,0.4677
NA,"tn6","t6",0,0,0,0,0,0,0.4761
NA,"tn6","t7",0,0,0,0,0,0,0.4656
NA,"tn6","t8",0,1,0,1,0,1,0.4767
NA,"tn6","t9",0,0,0,0,0,0,0.4722
NA,"tn7","t1",0,0,0,0,1,14.3,0.4326
NA,"tn7","t1",0,1,0,1,0,1,0.4326
NA,"tn7","t1",0,1,0,1,0,1,0.4326
NA,"tn7","t10",0,0,0,0,0,0,0.4131
NA,"tn7","t11",0,0,0,0,0,0,0.4092
NA,"tn7","t12",0,0,0,0,0,0,0.4119
NA,"tn7","t13",0,0,0,0,0,0,0.42
NA,"tn7","t14",0,0,0,0,0,0,0.426
NA,"tn7","t15",0,0,0,0,0,0,0.4197
NA,"tn7","t16",0,0,0,0,0,0,0.4212
NA,"tn7","t17",0,0,0,0,0,0,0.4185
NA,"tn7","t2",1,1,0,0,1,1,0.4293
NA,"tn7","t3",0,0,0,0,0,0,0.4095
NA,"tn7","t4",0,0,0,0,0,0,0.3945
NA,"tn7","t5",0,0,0,0,0,0,0.414
NA,"tn7","t6",0,0,0,0,0,0,0.4062
NA,"tn7","t7",0,0,0,0,0,0,0.411
NA,"tn7","t8",0,0,0,0,0,0,0.4251
NA,"tn7","t9",0,0,0,0,0,0,0.4356
NA,"tn8","t1",0,0,0,0,0,0,0.5004
NA,"tn8","t10",0,1,0,1,0,1,0.48
NA,"tn8","t11",0,0,0,0,0,0,0.4848
NA,"tn8","t12",0,0,0,0,1,14.3,0.4734
NA,"tn8","t13",0,0,0,0,0,0,0.4707
NA,"tn8","t14",0,0,0,0,0,0,0.4632
NA,"tn8","t15",0,0,0,0,0,0,0.4731
NA,"tn8","t2",0,0,0,0,0,0,0.4713
NA,"tn8","t3",0,0,0,0,0,0,0.48
NA,"tn8","t4",0,0,0,0,0,0,0.4698
NA,"tn8","t5",0,0,0,0,0,0,0.4617
NA,"tn8","t6",0,0,0,0,0,0,0.4707
NA,"tn8","t7",0,0,0,0,0,0,0.4758
NA,"tn8","t8",0,0,0,0,0,0,0.4659
NA,"tn8","t9",0,4,0,1,0,4,0.4701
NA,"tn9","t1",0,0,0,1,0,14.3,0.4209
NA,"tn9","t10",0,0,0,0,0,0,0.4383
NA,"tn9","t11",0,0,0,0,0,0,0.4452
NA,"tn9","t12",0,0,0,0,0,0,0.4332
NA,"tn9","t13",0,0,0,0,0,0,0.4218
NA,"tn9","t14",0,0,0,0,0,0,0.4266
NA,"tn9","t15",0,0,0,0,0,0,0.453
NA,"tn9","t2",0,0,0,0,1,14.3,0.4395
NA,"tn9","t3",0,0,0,0,0,0,0.4224
NA,"tn9","t4",0,0,0,0,0,0,0.4302
NA,"tn9","t5",0,0,0,0,0,0,0.4248
NA,"tn9","t6",2,2,0,0,1,2,0.4101
NA,"tn9","t7",0,0,0,0,0,0,0.3837
NA,"tn9","t8",0,0,0,0,0,0,0.4206
NA,"tn9","t9",0,0,0,0,0,0,0.4398
NA,"tz10","t1",0,0,0,0,0,0,0.5004
NA,"tz10","t10",0,0,0,0,0,0,0.486
NA,"tz10","t2",0,0,0,0,0,0,0.474
NA,"tz10","t3",0,0,0,0,0,0,0.4707
NA,"tz10","t4",0,0,0,0,0,0,0.4908
NA,"tz10","t5",0,0,0,0,0,0,0.4776
NA,"tz10","t6",0,0,0,0,0,0,0.4752
NA,"tz10","t7",0,0,0,0,0,0,0.4872
NA,"tz10","t8",0,0,0,0,0,0,0.492
NA,"tz10","t9",0,0,0,0,0,0,0.4908
NA,"tz11","t1",0,0,0,0,0,0,0.453197765363129
NA,"tz11","t10",0,0,0,0,0,0,0.4908
NA,"tz11","t11",0,0,0,0,0,0,0.486
NA,"tz11","t2",0,0,0,0,0,0,0.5004
NA,"tz11","t3",0,0,0,0,0,0,0.474
NA,"tz11","t4",0,0,0,0,0,0,0.4707
NA,"tz11","t5",0,0,0,0,0,0,0.4908
NA,"tz11","t6",0,0,0,0,0,0,0.4776
NA,"tz11","t7",0,0,0,0,0,0,0.4752
NA,"tz11","t8",0,0,0,0,0,0,0.4872
NA,"tz11","t9",0,0,0,0,0,0,0.492
NA,"tz12","t10",0,0,0,0,0,0,0.4788
NA,"tz12","t11",0,0,0,0,0,0,0.4749
NA,"tz12","t12",0,0,0,0,0,0,0.474
NA,"tz12","t13",0,0,0,0,0,0,0.4872
NA,"tz12","t2",0,0,0,0,0,0,0.5022
NA,"tz12","t3",0,0,0,0,0,0,0.4731
NA,"tz12","t4",0,0,0,0,0,0,0.4812
NA,"tz12","t5",0,0,0,0,0,0,0.4803
NA,"tz12","t7",0,0,0,0,0,0,0.4803
NA,"tz12","t8",0,0,0,0,0,0,0.4824
NA,"tz12","t9",0,0,0,0,0,0,0.4803
NA,"tz1","t1",0,0,0,0,0,0,0.453197765363129
NA,"tz1","t10",0,0,0,0,0,0,0.4134
NA,"tz1","t11",0,0,0,0,0,0,0.4146
NA,"tz1","t12",0,0,0,0,0,0,0.4077
NA,"tz1","t13",0,0,0,0,0,0,0.4167
NA,"tz1","t14",0,0,0,0,0,0,0.4233
NA,"tz1","t15",0,0,0,0,0,0,0.4131
NA,"tz1","t16",0,0,0,0,0,0,0.4137
NA,"tz1","t17",0,0,0,0,0,0,0.4074
NA,"tz1","t18",0,0,0,0,0,0,0.4191
NA,"tz1","t19",0,0,0,0,0,0,0.4122
NA,"tz1","t2",0,0,0,0,0,0,0.3948
NA,"tz1","t20",0,0,0,0,0,0,0.4056
NA,"tz1","t21",0,0,0,0,0,0,0.4233
NA,"tz1","t22",0,0,0,0,0,0,0.4068
NA,"tz1","t23",0,0,0,0,0,0,0.3885
NA,"tz1","t24",0,0,0,0,0,0,0.3861
NA,"tz1","t25",0,0,0,0,0,0,0.4194
NA,"tz1","t26",0,0,0,0,0,0,0.4131
NA,"tz1","t3",0,0,0,0,0,0,0.4122
NA,"tz1","t4",0,0,0,0,0,0,0.3909
NA,"tz1","t5",0,0,0,0,0,0,0.3948
NA,"tz1","t6",0,0,0,0,0,0,0.4134
NA,"tz1","t7",0,0,0,0,0,0,0.4047
NA,"tz1","t8",0,0,0,0,0,0,0.3867
NA,"tz1","t9",0,0,0,0,0,0,0.3948
NA,"tz2","t1",0,0,0,0,0,0,0.5046
NA,"tz2","t10",0,0,0,0,0,0,0.4698
NA,"tz2","t11",0,0,0,0,0,0,0.4809
NA,"tz2","t12",0,0,0,0,0,0,0.495
NA,"tz2","t13",0,0,0,0,0,0,0.4836
NA,"tz2","t14",0,0,0,0,0,0,0.4878
NA,"tz2","t15",0,0,0,0,0,0,0.4857
NA,"tz2","t16",0,0,0,0,0,0,0.4779
NA,"tz2","t17",0,0,0,0,0,0,0.4722
NA,"tz2","t18",0,0,0,0,0,0,0.4704
NA,"tz2","t19",0,0,0,0,0,0,0.4896
NA,"tz2","t2",0,0,0,0,0,0,0.4902
NA,"tz2","t20",0,0,0,0,0,0,0.4728
NA,"tz2","t21",0,0,0,0,0,0,0.4668
NA,"tz2","t22",0,0,0,0,0,0,0.4851
NA,"tz2","t3",0,0,0,0,0,0,0.4659
NA,"tz2","t4",0,0,0,0,0,0,0.4596
NA,"tz2","t5",0,0,0,0,0,0,0.4875
NA,"tz2","t6",0,0,0,0,0,0,0.4881
NA,"tz2","t7",0,0,0,0,0,0,0.4836
NA,"tz2","t8",0,0,0,0,0,0,0.4806
NA,"tz2","t9",0,0,0,0,0,0,0.4731
NA,"tz3","t1",0,0,0,0,0,0,0.4212
NA,"tz3","t10",0,0,0,0,0,0,0.4173
NA,"tz3","t11",0,0,0,0,0,0,0.4125
NA,"tz3","t12",0,0,0,0,0,0,0.414
NA,"tz3","t13",0,0,0,0,0,0,0.4197
NA,"tz3","t14",0,0,0,0,0,0,0.417
NA,"tz3","t15",0,0,0,0,0,0,0.4023
NA,"tz3","t16",0,0,0,0,0,0,0.4251
NA,"tz3","t17",0,0,0,0,0,0,0.4356
NA,"tz3","t18",0,0,0,0,0,0,0.4212
NA,"tz3","t19",0,0,0,0,0,0,0.4233
NA,"tz3","t2",0,0,0,0,0,0,0.4404
NA,"tz3","t20",0,0,0,0,0,0,0.4248
NA,"tz3","t21",0,0,0,0,0,0,0.4248
NA,"tz3","t22",0,0,0,0,0,0,0.4062
NA,"tz3","t23",0,0,0,0,0,0,0.4098
NA,"tz3","t24",0,0,0,0,0,0,0.4143
NA,"tz3","t26",0,0,0,0,0,0,0.4071
NA,"tz3","t3",0,0,0,0,0,0,0.4419
NA,"tz3","t4",1,1,0,0,1,1,0.4314
NA,"tz3","t5",0,0,0,0,0,0,0.4272
NA,"tz3","t6",0,0,0,0,0,0,0.4353
NA,"tz3","t7",0,0,0,0,0,0,0.4248
NA,"tz3","t8",0,0,0,0,0,0,0.4161
NA,"tz3","t9",0,0,0,0,0,0,0.4212
NA,"tz4","t1",0,0,0,0,0,0,0.4845
NA,"tz4","t10",0,0,0,0,0,0,0.4791
NA,"tz4","t11",0,0,0,0,0,0,0.4746
NA,"tz4","t12",0,0,0,0,0,0,0.4809
NA,"tz4","t13",0,0,0,0,0,0,0.4968
NA,"tz4","t14",0,0,0,0,0,0,0.4989
NA,"tz4","t15",0,0,0,0,0,0,0.4881
NA,"tz4","t16",0,0,0,0,0,0,0.4701
NA,"tz4","t17",0,0,0,0,0,0,0.4758
NA,"tz4","t18",0,0,0,0,0,0,0.4854
NA,"tz4","t19",0,0,0,0,0,0,0.4776
NA,"tz4","t2",0,0,0,0,0,0,0.498
NA,"tz4","t20",0,0,0,0,0,0,0.4872
NA,"tz4","t21",0,0,0,0,0,0,0.4788
NA,"tz4","t3",0,0,0,0,0,0,0.5148
NA,"tz4","t4",0,0,0,0,0,0,0.4923
NA,"tz4","t5",0,0,0,0,0,0,0.4896
NA,"tz4","t6",0,0,0,0,0,0,0.4878
NA,"tz4","t7",0,0,0,0,0,0,0.4851
NA,"tz4","t8",0,0,0,0,0,0,0.4923
NA,"tz4","t9",0,0,0,0,0,0,0.4797
NA,"tz5","t1",0,0,0,0,0,0,0.453197765363129
NA,"tz5","t10",0,0,0,0,0,0,0.4398
NA,"tz5","t11",0,0,0,0,0,0,0.4308
NA,"tz5","t12",0,0,0,0,0,0,0.4335
NA,"tz5","t13",0,0,0,0,0,0,0.4299
NA,"tz5","t14",0,0,0,0,0,0,0.4362
NA,"tz5","t15",0,0,0,0,0,0,0.435
NA,"tz5","t16",0,0,0,0,0,0,0.4356
NA,"tz5","t17",0,0,0,0,0,0,0.4239
NA,"tz5","t18",0,0,0,0,0,0,0.4197
NA,"tz5","t19",0,0,0,0,0,0,0.4185
NA,"tz5","t2",0,0,0,0,0,0,0.4269
NA,"tz5","t20",0,0,0,0,0,0,0.4269
NA,"tz5","t21",0,0,0,0,0,0,0.4332
NA,"tz5","t22",0,0,0,0,0,0,0.4449
NA,"tz5","t23",0,0,0,0,0,0,0.4212
NA,"tz5","t24",0,0,0,0,0,0,0.4146
NA,"tz5","t25",0,0,0,0,0,0,0.4101
NA,"tz5","t3",0,0,0,0,0,0,0.4455
NA,"tz5","t4",0,0,0,0,0,0,0.4476
NA,"tz5","t5",0,0,0,0,0,0,0.4419
NA,"tz5","t6",1,1,0,0,1,1,0.4323
NA,"tz5","t6",1,1,0,0,1,1,0.4311
NA,"tz5","t7",0,0,0,0,0,0,0.4389
NA,"tz5","t8",0,0,0,0,0,0,0.4404
NA,"tz5","t9",0,0,0,0,0,0,0.4455
NA,"tz6","t1",0,0,0,0,0,0,0.4548
NA,"tz6","t10",0,0,0,0,0,0,0.4899
NA,"tz6","t11",0,0,0,0,0,0,0.4854
NA,"tz6","t12",0,0,0,0,0,0,0.486
NA,"tz6","t13",0,0,0,0,0,0,0.4848
NA,"tz6","t14",0,0,0,0,0,0,0.4782
NA,"tz6","t15",0,0,0,0,0,0,0.4896
NA,"tz6","t16",1,0,1,0,0,1,0.4749
NA,"tz6","t17",0,0,0,0,0,0,0.4836
NA,"tz6","t18",0,0,0,0,0,0,0.4821
NA,"tz6","t19",0,0,0,0,0,0,0.4806
NA,"tz6","t2",0,0,0,0,0,0,0.5157
NA,"tz6","t20",0,0,0,0,0,0,0.4821
NA,"tz6","t21",0,0,0,0,0,0,0.4857
NA,"tz6","t22",0,0,0,0,0,0,0.4842
NA,"tz6","t3",0,0,0,0,0,0,0.5058
NA,"tz6","t4",0,1,0,1,0,1,0.4983
NA,"tz6","t5",0,0,0,0,0,0,0.4998
NA,"tz6","t6",0,0,0,0,0,0,0.495
NA,"tz6","t7",0,0,0,0,0,0,0.4845
NA,"tz6","t8",0,0,0,0,0,0,0.492
NA,"tz6","t9",0,0,0,0,0,0,0.492
NA,"tz7","t1",0,0,0,0,0,0,0.429
NA,"tz7","t10",0,0,0,0,0,0,0.4317
NA,"tz7","t11",0,0,0,0,0,0,0.4425
NA,"tz7","t2",0,0,0,0,0,0,0.4392
NA,"tz7","t3",0,0,0,0,0,0,0.4524
NA,"tz7","t4",0,1,0,1,0,1,0.4425
NA,"tz7","t5",0,0,0,0,0,0,0.4476
NA,"tz7","t6",0,0,0,0,0,0,0.4434
NA,"tz7","t7",0,0,0,0,0,0,0.4302
NA,"tz7","t8",1,0,1,0,0,1,0.4341
NA,"tz7","t9",0,0,0,0,0,0,0.4365
NA,"tz8","t1",0,0,0,0,0,0,0.4761
NA,"tz8","t10",0,0,0,0,0,0,0.4776
NA,"tz8","t2",0,0,0,0,0,0,0.5007
NA,"tz8","t3",0,0,0,0,0,0,0.4812
NA,"tz8","t4",0,0,0,0,0,0,0.4719
NA,"tz8","t5",0,0,0,0,0,0,0.4866
NA,"tz8","t6",0,0,0,0,0,0,0.4806
NA,"tz8","t7",1,0,1,0,0,1,0.4773
NA,"tz8","t8",1,0,1,0,0,1,0.4779
NA,"tz8","t9",0,0,0,0,0,0,0.483
NA,"tz9","t1",0,0,0,0,0,0,0.447
NA,"tz9","t10",0,0,0,0,0,0,0.4464
NA,"tz9","t2",0,0,0,0,0,0,0.4509
NA,"tz9","t3",0,0,0,0,0,0,0.4296
NA,"tz9","t4",0,0,0,0,0,0,0.4401
NA,"tz9","t5",0,0,0,0,0,0,0.4467
NA,"tz9","t6",0,0,0,0,0,0,0.4527
NA,"tz9","t7",0,0,0,0,0,0,0.4527
NA,"tz9","t8",0,0,0,0,0,0,0.4338
NA,"tz9","t9",0,0,0,0,0,0,0.4425
